cause,r_counts,r_rates,p_rates,r2
Suicide,0.9720988204371549,0.1475459219147798,0.30149397984167037,0.0217697990736823
Influenza and pneumonia,0.9468928751933187,0.18342278468431725,0.19761041101914092,0.033643917941349404
Kidney disease,0.9205905749913923,0.3652451465788372,0.008402708879328464,0.13340401709939628
CLRD,0.9908095022532926,0.3860284466681219,0.005145248185609987,0.14901796163700304
Alzheimer's disease,0.9633484153322301,0.40112370492027155,0.003532237508585581,0.16090022664896508
Cancer,0.9910466219594668,0.4970734493229836,2.0679270197674103e-4,0.24708201402184873
Heart disease,0.980461387250379,0.5275023842752765,6.964158234987578e-5,0.2782587654161015
Unintentional injuries,0.9845495211625003,0.554607459657533,2.410359072161096e-5,0.3075894343077821
Stroke,0.9929233631921309,0.5557055737982725,2.3044191583415915e-5,0.30880868475046724
